Ayrshire and Arran,Cumnock - Netherwood
Ayrshire and Arran,Meadowhead - Kilmarnock HMP
Ayrshire and Arran,Stevenston - Stevenston East
Ayrshire and Arran,Stevenston - Stevenston West
Fife,St Andrews - University (2979)
Fife,St Andrews - University (4964)
Forth Valley,Stirling - University
Grampian,Nigg - Aberdeen RI
Grampian,Nigg - Torry
Grampian,Persley - Northfield
Greater Glasgow and Clyde,Dalmuir - Auchinairn (6298)
Greater Glasgow and Clyde,Dalmuir - Auchinairn (6330)
Greater Glasgow and Clyde,Dalmuir - Clydebank
Greater Glasgow and Clyde,Dalmuir - Minerva St
Greater Glasgow and Clyde,Dalmuir - SECC
Greater Glasgow and Clyde,Inverclyde - Gourock
Greater Glasgow and Clyde,Paisley - Airport
Greater Glasgow and Clyde,Paisley - Blackhall
Greater Glasgow and Clyde,Paisley - Brediland
Greater Glasgow and Clyde,Shieldhall - Barrhead
Greater Glasgow and Clyde,Shieldhall - Gorbals
Greater Glasgow and Clyde,Shieldhall - Govanhill
Greater Glasgow and Clyde,Shieldhall - IMAX
Greater Glasgow and Clyde,Shieldhall - Pollockshields West
Greater Glasgow and Clyde,Shieldhall - Science Centre
Lanarkshire,Allers - St Leonards
Lanarkshire,Dunnswood - Carrickstone
Lanarkshire,Philipshill - Hairmyres Hospital
Lanarkshire,Philipshill - Stewartfield (3606)
Lanarkshire,Philipshill - Stewartfield (7801)
Lothian,Seafield - Cockenzie
Lothian,Seafield - Craigmillar
Lothian,Seafield - Muirhouse
Lothian,Seafield - Restalrig
Lothian,Seafield - Tranent
Lothian,Seafield - Western General
Tayside,Forfar - Central
Tayside,Hatton - Fintry East
Tayside,Hatton - Fintry North
Tayside,Hatton - Fintry West
